{
  "warnings": [
    {
      "file": "/Users/lpadron/Programming/UICircularProgressRing/src/UICircularProgressRing/UICircularProgressRing.swift",
      "line": 28,
      "symbol": "UICircularProgressRing",
      "symbol_kind": "source.lang.swift.decl.class",
      "warning": "undocumented"
    },
    {
      "file": "/Users/lpadron/Programming/UICircularProgressRing/src/UICircularProgressRing/UICircularRingStyle.swift",
      "line": 73,
      "symbol": "UICircularRingValueKnobPath.init(_:)",
      "symbol_kind": "source.lang.swift.decl.function.method.instance",
      "warning": "undocumented"
    },
    {
      "file": "/Users/lpadron/Programming/UICircularProgressRing/src/UICircularProgressRing/UICircularRingStyle.swift",
      "line": 77,
      "symbol": "UICircularRingValueKnobPath.oval",
      "symbol_kind": "source.lang.swift.decl.var.static",
      "warning": "undocumented"
    },
    {
      "file": "/Users/lpadron/Programming/UICircularProgressRing/src/UICircularProgressRing/UICircularRingStyle.swift",
      "line": 116,
      "symbol": "UICircularRingValueKnobStyle.image",
      "symbol_kind": "source.lang.swift.decl.var.instance",
      "warning": "undocumented"
    },
    {
      "file": "/Users/lpadron/Programming/UICircularProgressRing/src/UICircularProgressRing/UICircularRingStyle.swift",
      "line": 119,
      "symbol": "UICircularRingValueKnobStyle.imageTintColor",
      "symbol_kind": "source.lang.swift.decl.var.instance",
      "warning": "undocumented"
    },
    {
      "file": "/Users/lpadron/Programming/UICircularProgressRing/src/UICircularProgressRing/UICircularRingStyle.swift",
      "line": 122,
      "symbol": "UICircularRingValueKnobStyle.imageInsets",
      "symbol_kind": "source.lang.swift.decl.var.instance",
      "warning": "undocumented"
    },
    {
      "file": "/Users/lpadron/Programming/UICircularProgressRing/src/UICircularProgressRing/UICircularRingValueFormatter.swift",
      "line": 56,
      "symbol": "UICircularTimerRingFormatter.init(units:style:)",
      "symbol_kind": "source.lang.swift.decl.function.method.instance",
      "warning": "undocumented"
    },
    {
      "file": "/Users/lpadron/Programming/UICircularProgressRing/src/UICircularProgressRing/UICircularRingValueFormatter.swift",
      "line": 137,
      "symbol": "UICircularProgressRingFormatter.init(valueIndicator:rightToLeft:showFloatingPoint:decimalPlaces:)",
      "symbol_kind": "source.lang.swift.decl.function.method.instance",
      "warning": "undocumented"
    },
    {
      "file": "/Users/lpadron/Programming/UICircularProgressRing/src/UICircularProgressRing/UICircularTimerRing.swift",
      "line": 28,
      "symbol": "UICircularTimerRing",
      "symbol_kind": "source.lang.swift.decl.class",
      "warning": "undocumented"
    },
    {
      "file": "/Users/lpadron/Programming/UICircularProgressRing/src/UICircularProgressRing/UICircularTimerRing.swift",
      "line": 141,
      "symbol": "UICircularTimerRing",
      "symbol_kind": "source.lang.swift.decl.extension",
      "warning": "undocumented"
    }
  ],
  "source_directory": "/Users/lpadron/Programming/UICircularProgressRing/src"
}