{
    "Actors":
    "Roy Scheider, Lorraine Gary, Murray Hamilton, Joseph Mascolo",
    "Awards":
    "None",
    "Country":
    "USA",
    "Director":
    "Jeannot Szwarc",
    "Genre":
    "Adventure, Horror, Thriller",
    "Language":
    "English",
    "Metascore":
    "N/A",
    "Plot":
    "Police chief Brody must protect the citizens of Amity after a second monstrous shark begins terrorizing the waters.",
    "Poster":
    "https://images-na.ssl-images-amazon.com/images/M/MV5BN2U1MWE1NTMtYjQ2ZC00MTFmLWFmYjItODMyNGYxOTAyZmEzXkEyXkFqcGdeQXVyMTQxNzMzNDI@._V1_SX300.jpg",
    "Rated":
    "PG",
    "Released":
    "16 Jun 1978",
    "Response":
    "True",
    "Runtime":
    "116 min",
    "Title":
    "Jaws 2 ",
    "Type":
    "movie",
    "Writer":
    "Peter Benchley (characters created by), Carl Gottlieb, Howard Sackler",
    "Year":
    "1978",
    "imdbID":
    "tt0077766",
    "imdbRating":
    "5.7",
    "imdbVotes":
    "52,626"
}
