{"feed":{"title":"Coming Soon","id":"https://rss.itunes.apple.com/api/v1/us/apple-music/coming-soon/all/100/explicit.json","author":{"name":"iTunes Store","uri":"http://wwww.apple.com/us/itunes/"},"links":[{"self":"https://rss.itunes.apple.com/api/v1/us/apple-music/coming-soon/all/100/explicit.json"},{"alternate":"https://itunes.apple.com/WebObjects/MZStore.woa/wa/viewRoom?fcId=1396220241\u0026app=music"}],"copyright":"Copyright © 2018 Apple Inc. All rights reserved.","country":"us","icon":"http://itunes.apple.com/favicon.ico","updated":"2019-05-20T01:39:07.000-07:00","results":[{"artistName":"Madonna","id":"1459938538","releaseDate":"2019-06-14","name":"Madame X (Deluxe)","kind":"album","copyright":"℗ 2019 Boy Toy, Inc., Exclusively licensed to Live Nation Worldwide, Inc. Exclusively licensed to Interscope Records","artistId":"20044","artistUrl":"https://itunes.apple.com/us/artist/madonna/20044?app=music","artworkUrl100":"https://is4-ssl.mzstatic.com/image/thumb/Music123/v4/a9/3e/b0/a93eb05e-ffee-be74-8674-9b9006afc555/00602577826078.rgb.jpg/200x200bb.png","genres":[{"genreId":"14","name":"Pop","url":"https://itunes.apple.com/us/genre/id14"},{"genreId":"34","name":"Music","url":"https://itunes.apple.com/us/genre/id34"}],"url":"https://itunes.apple.com/us/album/madame-x-deluxe/1459938538?app=music"},{"artistName":"Tyler Childers","id":"1462929670","releaseDate":"2019-08-02","name":"Country Squire","kind":"album","copyright":"℗ 2019 Hickman Holler Records, under exclusive license to RCA Records, a division of Sony Music Entertainment.","artistId":"473667472","artistUrl":"https://itunes.apple.com/us/artist/tyler-childers/473667472?app=music","artworkUrl100":"https://is1-ssl.mzstatic.com/image/thumb/Music113/v4/da/b8/04/dab804d9-4e04-68cb-bfbd-c65afa6c3e36/886447696750.jpg/200x200bb.png","genres":[{"genreId":"6","name":"Country","url":"https://itunes.apple.com/us/genre/id6"},{"genreId":"34","name":"Music","url":"https://itunes.apple.com/us/genre/id34"}],"url":"https://itunes.apple.com/us/album/country-squire/1462929670?app=music"},{"artistName":"Slipknot","id":"1463706038","releaseDate":"2019-08-09","name":"We Are Not Your Kind","kind":"album","copyright":"℗ 2019 Roadrunner Records, Inc.","artistId":"6907568","contentAdvisoryRating":"Explicit","artistUrl":"https://itunes.apple.com/us/artist/slipknot/6907568?app=music","artworkUrl100":"https://is5-ssl.mzstatic.com/image/thumb/Music123/v4/2b/4d/97/2b4d97a1-d445-c0f9-6f95-f602392ec362/016861741006.jpg/200x200bb.png","genres":[{"genreId":"21","name":"Rock","url":"https://itunes.apple.com/us/genre/id21"},{"genreId":"34","name":"Music","url":"https://itunes.apple.com/us/genre/id34"},{"genreId":"1153","name":"Metal","url":"https://itunes.apple.com/us/genre/id1153"}],"url":"https://itunes.apple.com/us/album/we-are-not-your-kind/1463706038?app=music"},{"artistName":"Emeli Sandé","id":"1459085844","releaseDate":"2019-06-07","name":"REAL LIFE","kind":"album","copyright":"A Virgin EMI Records release; ℗ 2019 Virgin Records Ltd","artistId":"324008615","artistUrl":"https://itunes.apple.com/us/artist/emeli-sand%C3%A9/324008615?app=music","artworkUrl100":"https://is2-ssl.mzstatic.com/image/thumb/Music123/v4/f1/17/c4/f117c4cc-3fee-5b29-07fa-0c2e6e136455/00602577471148.rgb.jpg/200x200bb.png","genres":[{"genreId":"14","name":"Pop","url":"https://itunes.apple.com/us/genre/id14"},{"genreId":"34","name":"Music","url":"https://itunes.apple.com/us/genre/id34"}],"url":"https://itunes.apple.com/us/album/real-life/1459085844?app=music"},{"artistName":"Thomas Rhett","id":"1454614683","releaseDate":"2019-05-31","name":"Center Point Road","kind":"album","copyright":"℗ 2019 Big Machine Label Group, LLC","artistId":"502541718","artistUrl":"https://itunes.apple.com/us/artist/thomas-rhett/502541718?app=music","artworkUrl100":"https://is1-ssl.mzstatic.com/image/thumb/Music123/v4/cb/9c/26/cb9c2671-06a1-5fff-8f33-b9b1f0cd4cf6/00843930041176.rgb.jpg/200x200bb.png","genres":[{"genreId":"6","name":"Country","url":"https://itunes.apple.com/us/genre/id6"},{"genreId":"34","name":"Music","url":"https://itunes.apple.com/us/genre/id34"}],"url":"https://itunes.apple.com/us/album/center-point-road/1454614683?app=music"},{"artistName":"Volbeat","id":"1460657001","releaseDate":"2019-08-02","name":"Rewind, Replay, Rebound (Deluxe)","kind":"album","copyright":"A Vertigo Berlin release; ℗ 2019 VOLBEAT, under exclusive license to Universal Music GmbH","artistId":"157709052","contentAdvisoryRating":"Explicit","artistUrl":"https://itunes.apple.com/us/artist/volbeat/157709052?app=music","artworkUrl100":"https://is3-ssl.mzstatic.com/image/thumb/Music113/v4/be/8d/4c/be8d4cd1-0966-34e5-45ca-092afcdd950a/19UMGIM32526.rgb.jpg/200x200bb.png","genres":[{"genreId":"1153","name":"Metal","url":"https://itunes.apple.com/us/genre/id1153"},{"genreId":"34","name":"Music","url":"https://itunes.apple.com/us/genre/id34"},{"genreId":"21","name":"Rock","url":"https://itunes.apple.com/us/genre/id21"}],"url":"https://itunes.apple.com/us/album/rewind-replay-rebound-deluxe/1460657001?app=music"},{"artistName":"Tycho","id":"1461523692","releaseDate":"2019-07-12","name":"Weather","kind":"album","copyright":"℗ 2019 Mom+Pop/Ninja Tune","artistId":"119111355","artistUrl":"https://itunes.apple.com/us/artist/tycho/119111355?app=music","artworkUrl100":"https://is5-ssl.mzstatic.com/image/thumb/Music123/v4/8c/09/ab/8c09ab4b-b7ac-7270-6ba6-10c94446f464/Tycho_-_Weather_-_Digital_Cover_3000x3000_300DPI.jpg/200x200bb.png","genres":[{"genreId":"7","name":"Electronic","url":"https://itunes.apple.com/us/genre/id7"},{"genreId":"34","name":"Music","url":"https://itunes.apple.com/us/genre/id34"}],"url":"https://itunes.apple.com/us/album/weather/1461523692?app=music"},{"artistName":"Batushka","id":"1460415157","releaseDate":"2019-07-12","name":"Hospodi","kind":"album","copyright":"℗ 2019 Metal Blade Records","artistId":"1079391455","artistUrl":"https://itunes.apple.com/us/artist/batushka/1079391455?app=music","artworkUrl100":"https://is3-ssl.mzstatic.com/image/thumb/Music113/v4/de/a0/a1/dea0a152-17fe-1dfe-ee44-88c4542267bb/Batushka_-_Hospodi.jpg/200x200bb.png","genres":[{"genreId":"1153","name":"Metal","url":"https://itunes.apple.com/us/genre/id1153"},{"genreId":"34","name":"Music","url":"https://itunes.apple.com/us/genre/id34"},{"genreId":"21","name":"Rock","url":"https://itunes.apple.com/us/genre/id21"},{"genreId":"1149","name":"Death Metal/Black Metal","url":"https://itunes.apple.com/us/genre/id1149"}],"url":"https://itunes.apple.com/us/album/%D0%B3%D0%BE%D1%81%D0%BF%D0%BE%D0%B4%D0%B8/1460415157?app=music"},{"artistName":"Of Monsters and Men","id":"1461520104","releaseDate":"2019-07-26","name":"FEVER DREAM","kind":"album","copyright":"℗ 2019 SKRIMSL ehf, under exclusive license to Republic Records, a division of UMG Recordings, Inc.","artistId":"487906750","contentAdvisoryRating":"Explicit","artistUrl":"https://itunes.apple.com/us/artist/of-monsters-and-men/487906750?app=music","artworkUrl100":"https://is1-ssl.mzstatic.com/image/thumb/Music123/v4/0c/94/db/0c94db84-275e-9382-1c08-7411fc23de8a/19UMGIM38568.rgb.jpg/200x200bb.png","genres":[{"genreId":"20","name":"Alternative","url":"https://itunes.apple.com/us/genre/id20"},{"genreId":"34","name":"Music","url":"https://itunes.apple.com/us/genre/id34"}],"url":"https://itunes.apple.com/us/album/fever-dream/1461520104?app=music"},{"artistName":"Elton John \u0026 Taron Egerton","id":"1460664692","releaseDate":"2019-05-24","name":"Rocketman (Music from the Motion Picture)","kind":"album","copyright":"A Virgin EMI Records release; ℗ 2019 Paramount Pictures, under exclusive license to Universal Music Operations Limited","artistId":"54657","artistUrl":"https://itunes.apple.com/WebObjects/MZStore.woa/wa/viewCollaboration?cc=us\u0026ids=54657-956550934\u0026app=music","artworkUrl100":"https://is3-ssl.mzstatic.com/image/thumb/Music123/v4/fa/89/27/fa892762-82bb-605b-5ddc-12256df18981/19UMGIM28607.rgb.jpg/200x200bb.png","genres":[{"genreId":"16","name":"Soundtrack","url":"https://itunes.apple.com/us/genre/id16"},{"genreId":"34","name":"Music","url":"https://itunes.apple.com/us/genre/id34"}],"url":"https://itunes.apple.com/us/album/rocketman-music-from-the-motion-picture/1460664692?app=music"},{"artistName":"Mark Ronson","id":"1459276577","releaseDate":"2019-06-21","name":"Late Night Feelings","kind":"album","copyright":"℗ 2019 Sony Music Entertainment UK Limited","artistId":"1806833","contentAdvisoryRating":"Explicit","artistUrl":"https://itunes.apple.com/us/artist/mark-ronson/1806833?app=music","artworkUrl100":"https://is5-ssl.mzstatic.com/image/thumb/Music113/v4/04/f1/ae/04f1ae8e-aed1-3739-5510-8c2e4df10b3c/886447539873.jpg/200x200bb.png","genres":[{"genreId":"14","name":"Pop","url":"https://itunes.apple.com/us/genre/id14"},{"genreId":"34","name":"Music","url":"https://itunes.apple.com/us/genre/id34"}],"url":"https://itunes.apple.com/us/album/late-night-feelings/1459276577?app=music"},{"artistName":"Flying Lotus","id":"1458871217","releaseDate":"2019-05-24","name":"Flamagra","kind":"album","copyright":"℗ 2019 Warp Records","artistId":"120737020","artistUrl":"https://itunes.apple.com/us/artist/flying-lotus/120737020?app=music","artworkUrl100":"https://is1-ssl.mzstatic.com/image/thumb/Music113/v4/23/c2/7a/23c27a98-f970-d372-4d8f-a24a2725d335/0801061029135.jpg/200x200bb.png","genres":[{"genreId":"7","name":"Electronic","url":"https://itunes.apple.com/us/genre/id7"},{"genreId":"34","name":"Music","url":"https://itunes.apple.com/us/genre/id34"},{"genreId":"20","name":"Alternative","url":"https://itunes.apple.com/us/genre/id20"}],"url":"https://itunes.apple.com/us/album/flamagra/1458871217?app=music"},{"artistName":"Various Artists","id":"1462702452","releaseDate":"2019-05-22","name":"Aladdin (Original Motion Picture Soundtrack)","kind":"album","copyright":"℗ 2019 Walt Disney Records","artistId":"36270","artistUrl":"https://itunes.apple.com/us/artist/various-artists/36270?app=music","artworkUrl100":"https://is3-ssl.mzstatic.com/image/thumb/Music113/v4/2b/84/23/2b84239b-1cc6-9633-9b2e-075578cdf8b1/19UMGIM38402.rgb.jpg/200x200bb.png","genres":[{"genreId":"16","name":"Soundtrack","url":"https://itunes.apple.com/us/genre/id16"},{"genreId":"34","name":"Music","url":"https://itunes.apple.com/us/genre/id34"}],"url":"https://itunes.apple.com/us/album/aladdin-original-motion-picture-soundtrack/1462702452?app=music"},{"artistName":"Silversun Pickups","id":"1457912926","releaseDate":"2019-06-07","name":"Widow's Weeds","kind":"album","copyright":"℗ 2019 New Machine Recordings","artistId":"74752665","contentAdvisoryRating":"Explicit","artistUrl":"https://itunes.apple.com/us/artist/silversun-pickups/74752665?app=music","artworkUrl100":"https://is2-ssl.mzstatic.com/image/thumb/Music113/v4/69/54/69/695469ad-2d62-94ba-35fe-45eb426a289e/855380008883.png/200x200bb.png","genres":[{"genreId":"20","name":"Alternative","url":"https://itunes.apple.com/us/genre/id20"},{"genreId":"34","name":"Music","url":"https://itunes.apple.com/us/genre/id34"}],"url":"https://itunes.apple.com/us/album/widows-weeds/1457912926?app=music"},{"artistName":"Mozzy","id":"1462138683","releaseDate":"2019-05-31","name":"Internal Affairs","kind":"album","copyright":"℗ 2019 Mozzy Records / EMPIRE","artistId":"418259765","contentAdvisoryRating":"Explicit","artistUrl":"https://itunes.apple.com/us/artist/mozzy/418259765?app=music","artworkUrl100":"https://is1-ssl.mzstatic.com/image/thumb/Music123/v4/49/dd/9c/49dd9ce5-6175-b93b-dae0-3a85670ae6c0/888915897935_cover.jpg/200x200bb.png","genres":[{"genreId":"18","name":"Hip-Hop/Rap","url":"https://itunes.apple.com/us/genre/id18"},{"genreId":"34","name":"Music","url":"https://itunes.apple.com/us/genre/id34"}],"url":"https://itunes.apple.com/us/album/internal-affairs/1462138683?app=music"},{"artistName":"Austin Jenckes","id":"1453750553","releaseDate":"2019-05-31","name":"If You Grew up Like I Did","kind":"album","copyright":"℗ 2019 red dot, a division of ole Media Management L.P.","artistId":"312774400","artistUrl":"https://itunes.apple.com/us/artist/austin-jenckes/312774400?app=music","artworkUrl100":"https://is4-ssl.mzstatic.com/image/thumb/Music124/v4/ae/f3/da/aef3da37-b109-8a1c-e7bd-d72fe3edf1de/cover.jpg/200x200bb.png","genres":[{"genreId":"6","name":"Country","url":"https://itunes.apple.com/us/genre/id6"},{"genreId":"34","name":"Music","url":"https://itunes.apple.com/us/genre/id34"},{"genreId":"10","name":"Singer/Songwriter","url":"https://itunes.apple.com/us/genre/id10"}],"url":"https://itunes.apple.com/us/album/if-you-grew-up-like-i-did/1453750553?app=music"},{"artistName":"Bastille","id":"1458384183","releaseDate":"2019-06-14","name":"Doom Days","kind":"album","copyright":"A Virgin EMI Records release; ℗ 2019 Virgin Records Ltd","artistId":"420203509","contentAdvisoryRating":"Explicit","artistUrl":"https://itunes.apple.com/us/artist/bastille/420203509?app=music","artworkUrl100":"https://is3-ssl.mzstatic.com/image/thumb/Music113/v4/e5/a7/fa/e5a7fa61-7060-a250-6400-5ae814942b47/00602567792857.rgb.jpg/200x200bb.png","genres":[{"genreId":"20","name":"Alternative","url":"https://itunes.apple.com/us/genre/id20"},{"genreId":"34","name":"Music","url":"https://itunes.apple.com/us/genre/id34"}],"url":"https://itunes.apple.com/us/album/doom-days/1458384183?app=music"},{"artistName":"Sabaton","id":"1459900085","releaseDate":"2019-06-19","name":"The Great War","kind":"album","copyright":"℗ 2019 Nuclear Blast","artistId":"184065032","contentAdvisoryRating":"Explicit","artistUrl":"https://itunes.apple.com/us/artist/sabaton/184065032?app=music","artworkUrl100":"https://is4-ssl.mzstatic.com/image/thumb/Music123/v4/fa/19/ad/fa19ad59-539e-97ad-8afd-232e365a2bf7/727361486563.jpg/200x200bb.png","genres":[{"genreId":"1153","name":"Metal","url":"https://itunes.apple.com/us/genre/id1153"},{"genreId":"34","name":"Music","url":"https://itunes.apple.com/us/genre/id34"},{"genreId":"21","name":"Rock","url":"https://itunes.apple.com/us/genre/id21"}],"url":"https://itunes.apple.com/us/album/the-great-war/1459900085?app=music"},{"artistName":"K.Flay","id":"1460755326","releaseDate":"2019-07-12","name":"Solutions","kind":"album","copyright":"℗ 2019 Interscope Records (Night Street Records)","artistId":"297760267","contentAdvisoryRating":"Explicit","artistUrl":"https://itunes.apple.com/us/artist/k-flay/297760267?app=music","artworkUrl100":"https://is3-ssl.mzstatic.com/image/thumb/Music113/v4/5f/56/4c/5f564cfd-e8e3-6694-4890-2be9d6d317f4/19UMGIM37942.rgb.jpg/200x200bb.png","genres":[{"genreId":"20","name":"Alternative","url":"https://itunes.apple.com/us/genre/id20"},{"genreId":"34","name":"Music","url":"https://itunes.apple.com/us/genre/id34"}],"url":"https://itunes.apple.com/us/album/solutions/1460755326?app=music"},{"artistName":"Calexico \u0026 Iron \u0026 Wine","id":"1454322293","releaseDate":"2019-06-14","name":"Years to Burn","kind":"album","copyright":"℗ 2019 Sub Pop Records","artistId":"14351970","artistUrl":"https://itunes.apple.com/WebObjects/MZStore.woa/wa/viewCollaboration?cc=us\u0026ids=14351970-3274302\u0026app=music","artworkUrl100":"https://is1-ssl.mzstatic.com/image/thumb/Music124/v4/61/b4/39/61b4393f-8664-eb77-8930-0f18ee0e22d8/CalexicoIronandWine_YearsToBurn_3000px.jpg/200x200bb.png","genres":[{"genreId":"20","name":"Alternative","url":"https://itunes.apple.com/us/genre/id20"},{"genreId":"34","name":"Music","url":"https://itunes.apple.com/us/genre/id34"},{"genreId":"21","name":"Rock","url":"https://itunes.apple.com/us/genre/id21"}],"url":"https://itunes.apple.com/us/album/years-to-burn/1454322293?app=music"},{"artistName":"Yung Gravy","id":"1461432150","releaseDate":"2019-05-31","name":"Sensational","kind":"album","copyright":"℗ 2019 Republic Records, a division of UMG Recordings, Inc.","artistId":"1165036761","contentAdvisoryRating":"Explicit","artistUrl":"https://itunes.apple.com/us/artist/yung-gravy/1165036761?app=music","artworkUrl100":"https://is3-ssl.mzstatic.com/image/thumb/Music113/v4/10/6c/3d/106c3d3e-cd17-e0c9-494a-5dd844d04190/19UMGIM37376.rgb.jpg/200x200bb.png","genres":[{"genreId":"18","name":"Hip-Hop/Rap","url":"https://itunes.apple.com/us/genre/id18"},{"genreId":"34","name":"Music","url":"https://itunes.apple.com/us/genre/id34"}],"url":"https://itunes.apple.com/us/album/sensational/1461432150?app=music"},{"artistName":"The Black Keys","id":"1459700588","releaseDate":"2019-06-28","name":"\"Let's Rock\"","kind":"album","copyright":"℗ 2019 Nonesuch Records Inc. for the United States and WEA International Inc. for the world outside the United States.","artistId":"5893059","artistUrl":"https://itunes.apple.com/us/artist/the-black-keys/5893059?app=music","artworkUrl100":"https://is1-ssl.mzstatic.com/image/thumb/Music113/v4/5f/80/fd/5f80fd7c-2553-f24c-cd8a-4cd78efce869/075597924961.jpg/200x200bb.png","genres":[{"genreId":"20","name":"Alternative","url":"https://itunes.apple.com/us/genre/id20"},{"genreId":"34","name":"Music","url":"https://itunes.apple.com/us/genre/id34"}],"url":"https://itunes.apple.com/us/album/lets-rock/1459700588?app=music"},{"artistName":"Sum 41","id":"1458053301","releaseDate":"2019-07-19","name":"Order In Decline","kind":"album","copyright":"℗ 2019 Hopeless Records, Inc.","artistId":"249591","artistUrl":"https://itunes.apple.com/us/artist/sum-41/249591?app=music","artworkUrl100":"https://is2-ssl.mzstatic.com/image/thumb/Music123/v4/76/25/ed/7625edbc-90b5-0cbe-3d88-9d514af16db2/Order_In_Decline_Digital_Cover.jpg/200x200bb.png","genres":[{"genreId":"1152","name":"Hard Rock","url":"https://itunes.apple.com/us/genre/id1152"},{"genreId":"34","name":"Music","url":"https://itunes.apple.com/us/genre/id34"},{"genreId":"21","name":"Rock","url":"https://itunes.apple.com/us/genre/id21"},{"genreId":"20","name":"Alternative","url":"https://itunes.apple.com/us/genre/id20"}],"url":"https://itunes.apple.com/us/album/order-in-decline/1458053301?app=music"},{"artistName":"Bruce Springsteen","id":"1459884961","releaseDate":"2019-06-14","name":"Western Stars","kind":"album","copyright":"℗ 2019 Bruce Springsteen","artistId":"178834","artistUrl":"https://itunes.apple.com/us/artist/bruce-springsteen/178834?app=music","artworkUrl100":"https://is3-ssl.mzstatic.com/image/thumb/Music113/v4/a4/ca/24/a4ca24ab-c77c-c088-f769-7685a0b8a046/886447562147.jpg/200x200bb.png","genres":[{"genreId":"21","name":"Rock","url":"https://itunes.apple.com/us/genre/id21"},{"genreId":"34","name":"Music","url":"https://itunes.apple.com/us/genre/id34"}],"url":"https://itunes.apple.com/us/album/western-stars/1459884961?app=music"},{"artistName":"Kirk Franklin","id":"1458810507","releaseDate":"2019-05-31","name":"Long Live Love","kind":"album","copyright":"℗ 2019 Fo Yo Soul Recordings and RCA Records, a division of Sony Music Entertainment","artistId":"3293094","artistUrl":"https://itunes.apple.com/us/artist/kirk-franklin/3293094?app=music","artworkUrl100":"https://is3-ssl.mzstatic.com/image/thumb/Music113/v4/66/3b/a0/663ba074-0ed1-9ac9-c154-9cf64780134a/886447237663.jpg/200x200bb.png","genres":[{"genreId":"22","name":"Christian \u0026 Gospel","url":"https://itunes.apple.com/us/genre/id22"},{"genreId":"34","name":"Music","url":"https://itunes.apple.com/us/genre/id34"}],"url":"https://itunes.apple.com/us/album/long-live-love/1458810507?app=music"},{"artistName":"Eric Church","id":"1455513749","releaseDate":"2019-05-24","name":"61 Days in Church, Volume. 5","kind":"album","copyright":"An EMI Records Nashville Release; ℗ 2019 UMG Recordings, Inc.","artistId":"123055194","artistUrl":"https://itunes.apple.com/us/artist/eric-church/123055194?app=music","artworkUrl100":"https://is4-ssl.mzstatic.com/image/thumb/Music124/v4/11/cb/be/11cbbe35-e88b-922a-5067-ecdc7c61c341/00602577548314.rgb.jpg/200x200bb.png","genres":[{"genreId":"6","name":"Country","url":"https://itunes.apple.com/us/genre/id6"},{"genreId":"34","name":"Music","url":"https://itunes.apple.com/us/genre/id34"}],"url":"https://itunes.apple.com/us/album/61-days-in-church-volume-5/1455513749?app=music"},{"artistName":"Motionless In White","id":"1458937557","releaseDate":"2019-06-07","name":"Disguise","kind":"album","copyright":"℗ 2019 Roadrunner Records, Inc.","artistId":"266666216","contentAdvisoryRating":"Explicit","artistUrl":"https://itunes.apple.com/us/artist/motionless-in-white/266666216?app=music","artworkUrl100":"https://is4-ssl.mzstatic.com/image/thumb/Music123/v4/6a/99/f6/6a99f665-4252-91f2-eb1c-82626552daa3/016861740702.jpg/200x200bb.png","genres":[{"genreId":"1152","name":"Hard Rock","url":"https://itunes.apple.com/us/genre/id1152"},{"genreId":"34","name":"Music","url":"https://itunes.apple.com/us/genre/id34"},{"genreId":"21","name":"Rock","url":"https://itunes.apple.com/us/genre/id21"},{"genreId":"1153","name":"Metal","url":"https://itunes.apple.com/us/genre/id1153"}],"url":"https://itunes.apple.com/us/album/disguise/1458937557?app=music"},{"artistName":"Night Moves","id":"1459161093","releaseDate":"2019-06-28","name":"Can You Really Find Me","kind":"album","copyright":"℗ 2019 Domino Recording Co Ltd","artistId":"273654883","artistUrl":"https://itunes.apple.com/us/artist/night-moves/273654883?app=music","artworkUrl100":"https://is4-ssl.mzstatic.com/image/thumb/Music123/v4/8f/bd/65/8fbd65fb-f789-e87d-b67a-eebbed09660c/887828044160.png/200x200bb.png","genres":[{"genreId":"20","name":"Alternative","url":"https://itunes.apple.com/us/genre/id20"},{"genreId":"34","name":"Music","url":"https://itunes.apple.com/us/genre/id34"}],"url":"https://itunes.apple.com/us/album/can-you-really-find-me/1459161093?app=music"},{"artistName":"Honeyblood","id":"1450146520","releaseDate":"2019-05-24","name":"In Plain Sight","kind":"album","copyright":"℗ 2019 Marathon Artists","artistId":"695621874","contentAdvisoryRating":"Explicit","artistUrl":"https://itunes.apple.com/us/artist/honeyblood/695621874?app=music","artworkUrl100":"https://is3-ssl.mzstatic.com/image/thumb/Music114/v4/7a/fc/06/7afc0672-ec50-4056-7385-4c2c121a19ec/cover.jpg/200x200bb.png","genres":[{"genreId":"1004","name":"Indie Rock","url":"https://itunes.apple.com/us/genre/id1004"},{"genreId":"34","name":"Music","url":"https://itunes.apple.com/us/genre/id34"},{"genreId":"20","name":"Alternative","url":"https://itunes.apple.com/us/genre/id20"}],"url":"https://itunes.apple.com/us/album/in-plain-sight/1450146520?app=music"},{"artistName":"Santana","id":"1457886268","releaseDate":"2019-06-07","name":"Africa Speaks","kind":"album","copyright":"℗ 2019 Starfaith, LLC., Under exclusive license to Concord Records, a division of Concord Music Group, Inc.","artistId":"217174","artistUrl":"https://itunes.apple.com/us/artist/santana/217174?app=music","artworkUrl100":"https://is2-ssl.mzstatic.com/image/thumb/Music113/v4/e0/fd/40/e0fd4028-7027-6e53-f985-59b424395669/00888072090873.rgb.jpg/200x200bb.png","genres":[{"genreId":"21","name":"Rock","url":"https://itunes.apple.com/us/genre/id21"},{"genreId":"34","name":"Music","url":"https://itunes.apple.com/us/genre/id34"},{"genreId":"12","name":"Latino","url":"https://itunes.apple.com/us/genre/id12"}],"url":"https://itunes.apple.com/us/album/africa-speaks/1457886268?app=music"},{"artistName":"The Lumineers","id":"1458176610","releaseDate":"2019-09-13","name":"III","kind":"album","copyright":"℗ 2019 Dualtone Music Group, Inc.","artistId":"350720227","contentAdvisoryRating":"Explicit","artistUrl":"https://itunes.apple.com/us/artist/the-lumineers/350720227?app=music","artworkUrl100":"https://is3-ssl.mzstatic.com/image/thumb/Music113/v4/a9/b0/11/a9b011a9-5672-f8ae-75e9-5fa6fb88fd18/newtempart.jpg/200x200bb.png","genres":[{"genreId":"20","name":"Alternative","url":"https://itunes.apple.com/us/genre/id20"},{"genreId":"34","name":"Music","url":"https://itunes.apple.com/us/genre/id34"},{"genreId":"10","name":"Singer/Songwriter","url":"https://itunes.apple.com/us/genre/id10"}],"url":"https://itunes.apple.com/us/album/iii/1458176610?app=music"},{"artistName":"Hot Chip","id":"1455652358","releaseDate":"2019-06-21","name":"A Bath Full of Ecstasy","kind":"album","copyright":"℗ 2019 Domino Recording Co Ltd","artistId":"24375409","artistUrl":"https://itunes.apple.com/us/artist/hot-chip/24375409?app=music","artworkUrl100":"https://is5-ssl.mzstatic.com/image/thumb/Music113/v4/4b/a2/88/4ba288e5-deb5-171a-44b5-bcaf3a628e6e/887828037568.png/200x200bb.png","genres":[{"genreId":"7","name":"Electronic","url":"https://itunes.apple.com/us/genre/id7"},{"genreId":"34","name":"Music","url":"https://itunes.apple.com/us/genre/id34"}],"url":"https://itunes.apple.com/us/album/a-bath-full-of-ecstasy/1455652358?app=music"},{"artistName":"Baroness","id":"1455603119","releaseDate":"2019-06-14","name":"Gold \u0026 Grey","kind":"album","copyright":"℗ 2019 Abraxan Hymns","artistId":"260990514","artistUrl":"https://itunes.apple.com/us/artist/baroness/260990514?app=music","artworkUrl100":"https://is5-ssl.mzstatic.com/image/thumb/Music113/v4/56/df/ec/56dfec6a-4d7b-05cf-0076-3c2b0efbd656/855380008715.png/200x200bb.png","genres":[{"genreId":"1152","name":"Hard Rock","url":"https://itunes.apple.com/us/genre/id1152"},{"genreId":"34","name":"Music","url":"https://itunes.apple.com/us/genre/id34"},{"genreId":"21","name":"Rock","url":"https://itunes.apple.com/us/genre/id21"},{"genreId":"1153","name":"Metal","url":"https://itunes.apple.com/us/genre/id1153"},{"genreId":"1155","name":"Prog-Rock/Art Rock","url":"https://itunes.apple.com/us/genre/id1155"}],"url":"https://itunes.apple.com/us/album/gold-grey/1455603119?app=music"}]}}
